"Reference","Value","Footprint","Qty","DNP","MANUFACTURER","MANUFACTURER_PART_NUMBER","Description","Distributor Link"
"C1,C2,C5,C7,C9,C11,C12,C14,C16,C18,C42,C43,C44,C45,C50,C53","0.1uF","Capacitor_SMD:C_0603_1608Metric","16","","Murata Electronics","GCG188R91H104KA01D","Capacitor 0.1 uF >35V","https://www.mouser.se/ProductDetail/Murata-Electronics/GCG188R91H104KA01D?qs=mKZLDXqphFiFhPDl%252BfeUIg%3D%3D"
"C3,C6,C8,C10,C15,C17","10 uF","Capacitor_SMD:C_0603_1608Metric","6","","Murata Electronics","GRM188R6YA106MA73J","Capacitor 10uF >35V","https://www.mouser.se/ProductDetail/Murata-Electronics/GRM188R6YA106MA73J?qs=5aG0NVq1C4xLSwNPdfnaYg%3D%3D"
"C4,C36,C37","1 uF","Capacitor_SMD:C_0603_1608Metric","3","","TAIYO YUDEN","UMK107AB7105KA-T ","Capacitor 1uF >35V","https://www.mouser.se/ProductDetail/TAIYO-YUDEN/UMK107AB7105KA-T?qs=%252BAZVS4b%2FkgKLk%2FvFAZMoRQ%3D%3D"
"C13","0.01 uF","Capacitor_SMD:C_0603_1608Metric","1","","Murata Electronics","GCM188R71H103KA37J","Capacitor 0.01uF >35V","https://www.mouser.se/ProductDetail/Murata-Electronics/GCM188R71H103KA37J?qs=N3Kl9KD794T3%2FxlXdF0Axg%3D%3D"
"C19,C20,C21,C22,C23,C24,C25,C26,C27,C28,C54,C55,C56,C57,C58,C59,C60,C61,C62,C63","22 uf","Capacitor_SMD:C_0805_2012Metric","20","","TDK","C2012X5R1V226M125AC","Capacitor 22uF >35V","https://www.mouser.se/ProductDetail/TDK/C2012X5R1V226M125AC?qs=6JAMGB%252BEdkyUk0d2Mu2IrQ%3D%3D"
"C29,C39,C40,C65","0.1 uF","Capacitor_SMD:C_0603_1608Metric","4","","Murata Electronics","GCG188R91H104KA01D","Capacitor 0.1 uF >35V","https://www.mouser.se/ProductDetail/Murata-Electronics/GCG188R91H104KA01D?qs=mKZLDXqphFiFhPDl%252BfeUIg%3D%3D"
"C30,C31,C32,C49,C52,C64","2.2 uF","Capacitor_SMD:C_0603_1608Metric","6","","Murata Electronics","GRM188R61H225KE11D ","Capacitor 2.2uF >35V","https://www.mouser.se/ProductDetail/Murata-Electronics/GRM188R61H225KE11D?qs=eeBpzGFlv%252B%2Fz%2FOAJ2DfLOw%3D%3D"
"C33","6.8 uF","Capacitor_SMD:C_0805_2012Metric","1","","TDK","C2012X5R1V685K125AC","Capacitor 6.8uF >35V","https://www.mouser.se/ProductDetail/TDK/C2012X5R1V685K125AC?qs=6JAMGB%252BEdkx%252BaHR67HUtEg%3D%3D"
"C34","120 pF","Capacitor_SMD:C_0603_1608Metric","1","","Vishay / Vitramon","VJ0603D121KXBAJ ","Capacitor 120pF >35V","https://www.mouser.se/ProductDetail/Vishay-Vitramon/VJ0603D121KXBAJ?qs=f%252BL2SN1GfctWhDNaXZI1mg%3D%3D"
"C35","22 pF","Capacitor_SMD:C_0603_1608Metric","1","","Samsung Electro-Mechanics"," CL10C220JB8NNWC","Capacitor 22pF >35V","https://www.mouser.se/ProductDetail/Samsung-Electro-Mechanics/CL10C220JB8NNWC?qs=X6jEic%2FHinAv3nm43GOY7Q%3D%3D"
"C38","15 pF","Capacitor_SMD:C_0603_1608Metric","1","","Murata Electronics","GCM1885C1H150JA16J","Capacitor 15pF >35V","https://www.mouser.se/ProductDetail/Murata-Electronics/GCM1885C1H150JA16J?qs=N3Kl9KD794RiYSVQCGj%252BdA%3D%3D"
"C41,C46","4.7 uF","Capacitor_SMD:C_0603_1608Metric","2","","TDK","C1608X5R1V475K080AC ","Capacitor 4.7uF >35V","https://www.mouser.se/ProductDetail/TDK/C1608X5R1V475K080AC?qs=dfay7wIA1uF9DVjUL4K4oA%3D%3D"
"C47","47 uF","Capacitor_Tantalum_SMD:CP_EIA-7343-15_Kemet-W","1","","Panasonic"," 35TQS47MEX","Polarized capacitor 47 uF >35V","https://www.mouser.se/ProductDetail/Panasonic/35TQS47MEX?qs=sGAEpiMZZMtZ1n0r9vR22T%252Bn4P%2FjUIvOZl3vZcpyIC4xXNaC3VhkNg%3D%3D"
"C48,C51","1 nF","Capacitor_SMD:C_0603_1608Metric","2","","Murata Electronics","GCM1885C2A102FA16D","Capacitor 1 nF >35V","https://www.mouser.se/ProductDetail/Murata-Electronics/GCM1885C2A102FA16D?qs=QzBtWTOodeWZsFfmRZw1Bg%3D%3D"
"D1,D2,D3","ESD9B3.3ST5G","Diode_SMD:D_SOD-923","3","","onsemi","ESD9B3.3ST5G","ESD","https://www.mouser.se/ProductDetail/onsemi/ESD9B3.3ST5G?qs=yU2N9dt%252BrfmXrPf3vhgUEA%3D%3D"
"D4,D5,D6,D7,D8,D9,D10","D_Schottky_3.3v","Diode_SMD:D_SOD-123","7","","Diodes Incorporated","1N5819HW-7-F","Schottky diode","https://www.mouser.se/ProductDetail/Diodes-Incorporated/1N5819HW-7-F?qs=NQ47qNm99eDyWTEd07miYA%3D%3D"
"IC1","DRV8302DCAR","component_footprints:SOP50P810X120-57N","1","","Texas Instruments ","DRV8302DCAR","3-Phase Brushless Motor Pre-Driver with Dual Current Sense Amps and Buck Converter (PWM Ctrl)","https://www.mouser.se/ProductDetail/Texas-Instruments/DRV8302DCAR?qs=UMk2QrKu%2FwyEhbV7PXJXLQ%3D%3D"
"J1,J2","2060-452_998-404","component_footprints:2060452998404","2","","  WAGO Corporation","  2060-452/998-404","SMD PCB terminal block; push-button; 0.75 mm; Pin spacing 4 mm; 2-pole; Push-in CAGE CLAMP; in tape-and-reel packaging","https://www.digikey.se/en/products/detail/wago-corporation/2060-452-998-404/15540283?srsltid=AfmBOopstHVMkipcpza7EcBxqjwT_6AHckds8t67nAmdnLtVjvyBgVtD"
"J3,J4","105313-1202","component_footprints:1053131202","2","","Molex","105313-1202","Molex Electronics, Series Number 105313, 2.5mm Pitch 2 Way 1 Row Right Angle PCB Header, Solder Termination, 6.5A","https://www.mouser.se/ProductDetail/Molex/105313-1202?qs=PqFvFmEiOr6Yr1uRJ10a3A%3D%3D&srsltid=AfmBOopbfvwVEI6m6ZgfoW7HMGVxi9b7KG9qClO4YvsawQLZ9qhAzgzQ"
"J5","USB4215-03-A_REVA","component_footprints:GCT_USB4215-03-A_REVA","1","","Global Connector Technology","USB4215-03-A ","USB-C (USB TYPE-C) USB 2.0 Receptacle Connector 24 (16+8 Dummy) Position Surface Mount, Right Angle; Through Hole","https://www.mouser.se/ProductDetail/GCT/USB4215-03-A?qs=IKkN%2F947nfBipec8wvDabA%3D%3D"
"J6","2059-302_998-403","component_footprints:2059302998403","1","","  WAGO Corporation","  2059-302/998-403","Fan connector","https://www.digikey.se/sv/products/detail/wago-corporation/2059-302-998-403/15532751"
"J7,J8","200528-0090","component_footprints:200528-0090","2","","Molex","200528-0090","Molex Easy-On 200528 Series 1mm Pitch 9 Way Right Angle SMT Male FPC Connector, ZIF Bottom Contact","https://www.mouser.se/ProductDetail/Molex/200528-0090?qs=IvjI65BR3TXhl6Ou0vwBHg%3D%3D&srsltid=AfmBOopxg9gki7HZpTcqvad2EnJIVi3P97a0ceIg35gUdzmJWNZPG5Pz"
"J9","2060-453_998-404","component_footprints:2060453998404","1","","WAGO Corporation","  2060-453/998-404","Motor","https://www.digikey.se/sv/products/detail/wago-corporation/2060-453-998-404/15581970"
"L1","22 uH","component_footprints:NRS5040T220MMGK","1","","TAIYO YUDEN","NRS5040T220MMGK ","Inductor","https://www.mouser.se/ProductDetail/TAIYO-YUDEN/NRS5040T220MMGK?qs=y6ZabgHbY%252BwHM2WsXBuQTw%3D%3D"
"Q1,Q2,Q3,Q4,Q5,Q6","RFD16N05LSM9A","Package_TO_SOT_SMD:TO-252-2","6","","onsemi / Fairchild","RFD16N05LSM9A","MOSFET","https://www.mouser.se/ProductDetail/onsemi-Fairchild/RFD16N05LSM9A?qs=nAte8rcNofLNLDEc74GIWA%3D%3D"
"R1,R6","5.1 k","Resistor_SMD:R_0603_1608Metric","2","","YAGEO","RT0603BRD075K1L","Resistor","https://www.mouser.se/ProductDetail/YAGEO/RT0603BRD075K1L?qs=aZCcseWLxnua40%252BM84F3mA%3D%3D"
"R2,R3,R7,R8,R17,R18,R19,R20,R22,R43,R44","10 k","Resistor_SMD:R_0603_1608Metric","11","","Vishay / Beyschlag","MCT0603MD1002DP500","Resistor","https://www.mouser.se/ProductDetail/Vishay-Beyschlag/MCT0603MD1002DP500?qs=oBjDkOCjPF1CUAoPD7yTwg%3D%3D"
"R4,R5","10 thick film","Resistor_SMD:R_0603_1608Metric","2","","Vishay","CRCW060310R0FKEBC","Resistor","https://www.mouser.se/ProductDetail/Vishay/CRCW060310R0FKEBC?qs=wd5RIQLrsJj1Wo77dZVziA%3D%3D"
"R9","3.3 k","Resistor_SMD:R_0603_1608Metric","1","","YAGEO","RT0603FRE133K3L","Resistor","https://www.mouser.se/ProductDetail/YAGEO/RT0603FRE133K3L?qs=1mbolxNpo8c7XaNIiBx7KQ%3D%3D"
"R10,R32,R37,R41","69.8 k","Resistor_SMD:R_0603_1608Metric","4","","Panasonic","ERA-3AEB6982V ","Resistor","https://www.mouser.se/ProductDetail/Panasonic/ERA-3AEB6982V?qs=nuXzIS8loXG44F6SvdF0rQ%3D%3D"
"R11,R33,R38,R42","4.99 k","Resistor_SMD:R_0603_1608Metric","4","","Vishay / Beyschlag","MCT0603MD4991DP500","Resistor","https://www.mouser.se/ProductDetail/Vishay-Beyschlag/MCT0603MD4991DP500?qs=EzBFWPtgsb3WU6Es1nZy2w%3D%3D"
"R12","240","Resistor_SMD:R_0603_1608Metric","1","","Vishay / Beyschlag","MCT06030C2400FP500","Resistor","https://www.mouser.se/ProductDetail/Vishay-Beyschlag/MCT06030C2400FP500?qs=X9G%252BH%252B85rdsrRTlkdrJWjA%3D%3D"
"R13","1350","Resistor_SMD:R_0603_1608Metric","1","","YAGEO","RT0603BRD071K35L","Resistor","https://www.mouser.se/ProductDetail/YAGEO/RT0603BRD071K35L?qs=bQfrgN9vNvzfnncXb1XZ4g%3D%3D"
"R14","422","Resistor_SMD:R_0603_1608Metric","1","","YAGEO","RT0603FRE07422RL ","Resistor","https://www.mouser.se/ProductDetail/YAGEO/RT0603FRE07422RL?qs=4CyHz7GXqSil%2FA183G1h5g%3D%3D"
"R15","655 (657)","Resistor_SMD:R_0603_1608Metric","1","","KOA Speer","RN73H1JTTD6570D100 ","Resistor","https://www.mouser.se/ProductDetail/KOA-Speer/RN73H1JTTD6570D100?qs=Tw8F%252BABiY2omz5bCYgquwA%3D%3D"
"R16","1 k","Resistor_SMD:R_0603_1608Metric","1","","Vishay / Beyschlag","MCT06030C1001FP500","Resistor","https://www.mouser.se/ProductDetail/Vishay-Beyschlag/MCT06030C1001FP500?qs=7ZE6F4QMOBbsjeUdqW8cwA%3D%3D"
"R21","31.6 k","Resistor_SMD:R_0603_1608Metric","1","","Vishay / Beyschlag","MCT06030C3162FP500","Resistor","https://www.mouser.se/ProductDetail/Vishay-Beyschlag/MCT06030C3162FP500?qs=wTZ%2FFzl837YBtpLxOjdP0Q%3D%3D"
"R23,R24","56","Resistor_SMD:R_0603_1608Metric","2","","Panasonic","ERA-3AEB560V ","Resistor","https://www.mouser.se/ProductDetail/Panasonic/ERA-3AEB560V?qs=nho8PGNfA6pLPdv4OomYKQ%3D%3D"
"R25","16.2 k","Resistor_SMD:R_0603_1608Metric","1","","Vishay / Beyschlag","MCT06030C1622FP500","Resistor","https://www.mouser.se/ProductDetail/Vishay-Beyschlag/MCT06030C1622FP500?qs=wTZ%2FFzl837askLTeC7YJGg%3D%3D"
"R26","1","Resistor_SMD:R_0603_1608Metric","1","","Vishay / Beyschlag","MCT06030C1008FP500 ","Resistor","https://www.mouser.se/ProductDetail/Vishay-Beyschlag/MCT06030C1008FP500?qs=sIxod1zg5hFmg%2F6YexVHSg%3D%3D"
"R27","205 k","Resistor_SMD:R_0603_1608Metric","1","","YAGEO","RT0603FRE07205KL ","Resistor","https://www.mouser.se/ProductDetail/YAGEO/RT0603FRE07205KL?qs=4CyHz7GXqSizcEQ6BDWqXg%3D%3D"
"R28","1 M","Resistor_SMD:R_0603_1608Metric","1","","Vishay / Beyschlag","MCT06030C1004FP500","Resistor","https://www.mouser.se/ProductDetail/Vishay-Beyschlag/MCT06030C1004FP500?qs=7ZE6F4QMOBYb3%252B6kTBjugg%3D%3D"
"R29,R30,R34,R35,R39,R40","10","Resistor_SMD:R_0603_1608Metric","6","","Vishay / Beyschlag","MCT06030C1009FP500","Resistor","https://www.mouser.se/ProductDetail/Vishay-Beyschlag/MCT06030C1009FP500?qs=4DXlcry4fcXzntE6aB0o9Q%3D%3D"
"R31,R36","10 m","Resistor_SMD:R_0612_1632Metric","2","","Panasonic","ERJ-D2DFR010V ","Resistor","https://www.mouser.se/ProductDetail/Panasonic/ERJ-D2DFR010V?qs=3HJ2avRr9PLPJn6aLNO%252BHA%3D%3D"
"SW1,SW2","SW_Push","component_footprints:SKRKAGE020","2","","Alps Alpine","SKRKAGE020 ","Push button switch, generic, two pins","https://www.mouser.se/ProductDetail/Alps-Alpine/SKRKAGE020?qs=EU6FO9ffTwdVPz%2Fcqm4gTQ%3D%3D"
"TH1","Thermistor_NTC","TestPoint:TestPoint_2Pads_Pitch2.54mm_Drill0.8mm","1","DNP","Murata Electronics"," NXFT15XH103FEAB030","Temperature dependent resistor, negative temperature coefficient","https://www.mouser.se/ProductDetail/Murata-Electronics/NXFT15XH103FEAB030?qs=xZ%2FP%252Ba9zWqa9ZeqIERpziA%3D%3D&mgh=1&utm_id=20706020061&utm_source=google&utm_medium=cpc&utm_marketing_tactic=emeacorp&gad_source=1&gad_campaignid=20712038051&gbraid=0AAAAADn_wf37CrWQlTdL4zwPuO8ILvDjT&gclid=CjwKCAjwruXBBhArEiwACBRtHXlekYhSn6aVQWFiSpcFXXX5cUAIbSlCvL_07_D_GfhwuwY7BzoUahoCWS8QAvD_BwE"
"U1","~","component_footprints:SN65HVD75DGKR","1","","Texas Instruments","SN65HVD75DGKR","Rs485","https://www.mouser.se/ProductDetail/Texas-Instruments/SN65HVD75DGKR?qs=E2%2FxqS9xjzrac0D8q%2FrjAA%3D%3D&utm_id=20109199574&utm_source=google&utm_medium=cpc&utm_marketing_tactic=emeacorp&gad_source=1&gad_campaignid=20109199574&gbraid=0AAAAADn_wf0pfaen_jAIaT3t6-p9MpAQ8&gclid=CjwKCAjw6ZTCBhBOEiwAqfwJd2nWsffVWOWIy0Ur5uBbW3Iadf6_SJCFsQI2JkukvpwfgUJp7611JRoCEHIQAvD_BwE"
"U2","~","Package_TO_SOT_SMD:SOT-23","1","","Littelfuse","SP712-02HTG","TVS Diodes","https://www.mouser.se/ProductDetail/Littelfuse/SP712-02HTG?qs=GBLSl2AkiruqudcLsbr7vw%3D%3D&utm_id=22436684116&utm_source=google&utm_medium=cpc&utm_marketing_tactic=emeacorp&gad_source=1&gad_campaignid=22433189192&gbraid=0AAAAADn_wf1W468_Th1ddYaBdM84Ol_Yg&gclid=CjwKCAjw6ZTCBhBOEiwAqfwJd4EYP0OmPhFHP-IFqMFNhh9gL04ZKsOE1-S43n2a6F0zfm3o5VVH_xoCqBAQAvD_BwE"
"U3","ESP32-S3-WROOM-1U-N8R2","component_footprints:XCVR_ESP32-S3-WROOM-1U-N8R2","1","","Espressif Systems","ESP32-S3-WROOM-1U-N8R2","ESP32-S3-WROOM-1U-N8R2","https://www.mouser.se/ProductDetail/Espressif-Systems/ESP32-S3-WROOM-1U-N8R2?qs=sGAEpiMZZMu3sxpa5v1qrkR%2F6t0IkXq80VfgdeIK0no%3D"
"U4","AMS1117-3.3","Package_TO_SOT_SMD:SOT-223-3_TabPin2","1","","UMW","AMS1117-3.3","LDO 3.3V","https://www.digikey.se/sv/products/detail/umw/AMS1117-3-3/17635254?srsltid=AfmBOoqhV2Y58AJTqEb4tH4BB_GBQQpw6x5AltOlH7knJehoSWIGT0hK"
"U5","LM317_SOT-223","Package_TO_SOT_SMD:SOT-223-3_TabPin2","1","","Texas Instruments","LM317DCYR ","1.5A 35V Adjustable Linear Regulator, SOT-223","https://www.mouser.se/ProductDetail/Texas-Instruments/LM317DCYR?qs=YhsVCygOPE0H9jB5Yaa05Q%3D%3D&utm_id=20109199574&utm_source=google&utm_medium=cpc&utm_marketing_tactic=emeacorp&gad_source=1&gad_campaignid=20109199574&gbraid=0AAAAADn_wf0RhglbCrAkCMJa-OPDY4yBs&gclid=CjwKCAjw6s7CBhACEiwAuHQckhopXpwQGq1opmu0PrLwY9-pRkVlcZOxuPsrX3A8eEcc4CcnXI3IVBoC1foQAvD_BwE"
"U6","74HC4052PW_118","component_footprints:TSSOP16_5P1X4P5_NEX","1","","Nexperia","74HC4052PW,118","IC multiplexer","https://www.mouser.se/ProductDetail/Nexperia/74HC4052PW118?qs=P62ublwmbi%2Fhh72g3HnbZg%3D%3D"
"U7","AS5047P-ATSM","component_footprints:SOP65P640X120-14N","1","","ams OSRAM","AS5047P-ATSM ","Position sensor","https://www.mouser.se/ProductDetail/ams-OSRAM/AS5047P-ATSM?qs=cGEy3R83DS8fzNOVLHtOgg%3D%3D"
