Ref,Val,Package,PosX,PosY,Rot,Side
"","","",214.950000,-70.250000,0.000000,top
"","","",212.825000,-100.825000,0.000000,top
"","","",213.825000,-98.850000,0.000000,top
"","","",212.725000,-70.800000,0.000000,top
"","","",213.500000,-70.625000,0.000000,top
"","","",216.975000,-95.825000,0.000000,top
"","","",208.025000,-81.250000,0.000000,top
"","","",213.075000,-73.275000,0.000000,top
"","","",215.300000,-99.175000,0.000000,top
"","","",214.550000,-72.825000,0.000000,top
"","","",215.025000,-101.400000,0.000000,top
"","","",215.300000,-72.575000,0.000000,top
"","","",213.100000,-98.625000,0.000000,top
"","","",213.800000,-73.025000,0.000000,top
"","","",212.150000,-100.550000,0.000000,top
"","","",213.550000,-101.050000,0.000000,top
"","","",214.250000,-70.450000,0.000000,top
"","","",214.550000,-99.025000,0.000000,top
"","","",214.275000,-101.250000,0.000000,top
"C1","0.1uF","C_0603_1608Metric",208.498830,-46.152500,-30.000000,top
"C2","0.1uF","C_0603_1608Metric",193.910000,-74.310000,0.000000,top
"C3","10 uF","C_0603_1608Metric",198.318830,-45.757500,30.000000,top
"C4","1 uF","C_0603_1608Metric",199.320000,-42.410000,120.000000,top
"C5","0.1uF","C_0603_1608Metric",197.530000,-44.370000,30.000000,top
"C6","10 uF","C_0603_1608Metric",163.090000,-66.770000,0.000000,top
"C7","0.1uF","C_0603_1608Metric",195.898830,-41.437500,-150.000000,top
"C8","10 uF","C_0603_1608Metric",161.275000,-71.480000,0.000000,top
"C9","0.1uF","C_0603_1608Metric",160.710000,-73.160000,0.000000,top
"C10","10 uF","C_0603_1608Metric",158.820000,-83.970000,180.000000,top
"C11","0.1uF","C_0603_1608Metric",223.900000,-106.880000,75.000000,top
"C12","0.1uF","C_0603_1608Metric",158.805000,-85.590000,180.000000,top
"C13","0.01 uF","C_0603_1608Metric",221.240000,-106.160000,75.000000,top
"C14","0.1uF","C_0603_1608Metric",204.540000,-70.200000,105.000000,top
"C15","10 uF","C_0603_1608Metric",217.741407,-55.860585,15.000000,top
"C16","0.1uF","C_0603_1608Metric",216.549415,-53.621407,105.000000,top
"C17","10 uF","C_0603_1608Metric",222.280000,-58.340000,-165.000000,top
"C18","0.1uF","C_0603_1608Metric",219.701407,-57.330585,-165.000000,top
"C19","22 uf","C_0805_2012Metric",225.886296,-107.325652,77.000000,top
"C20","22 uf","C_0805_2012Metric",227.886296,-107.825652,77.000000,top
"C21","22 uf","C_0805_2012Metric",229.886296,-108.325652,77.000000,top
"C22","22 uf","C_0805_2012Metric",231.902484,-108.829240,77.000000,top
"C23","22 uf","C_0805_2012Metric",233.900000,-109.250000,77.000000,top
"C24","22 uf","C_0805_2012Metric",231.800000,-119.500000,-40.000000,top
"C25","22 uf","C_0805_2012Metric",233.600000,-118.100000,-40.000000,top
"C26","22 uf","C_0805_2012Metric",235.372258,-116.989352,-40.000000,top
"C27","22 uf","C_0805_2012Metric",236.600000,-115.100000,-40.000000,top
"C28","22 uf","C_0805_2012Metric",238.100000,-113.400000,-40.000000,top
"C29","0.1 uF","C_0603_1608Metric",206.150000,-85.420000,-90.000000,top
"C30","2.2 uF","C_0603_1608Metric",170.800000,-71.316505,180.000000,top
"C31","2.2 uF","C_0603_1608Metric",167.625000,-71.416505,0.000000,top
"C32","2.2 uF","C_0603_1608Metric",176.200000,-74.000000,-90.000000,top
"C33","6.8 uF","C_0805_2012Metric",186.540000,-77.800000,-90.000000,top
"C34","120 pF","C_0603_1608Metric",183.900000,-78.600000,0.000000,top
"C35","22 pF","C_0603_1608Metric",175.100000,-78.000000,90.000000,top
"C36","1 uF","C_0603_1608Metric",170.700000,-77.425000,-90.000000,top
"C37","1 uF","C_0603_1608Metric",167.420000,-77.580000,0.000000,top
"C38","15 pF","C_0603_1608Metric",184.200000,-89.700000,0.000000,top
"C39","0.1 uF","C_0603_1608Metric",166.125000,-89.800000,0.000000,top
"C40","0.1 uF","C_0603_1608Metric",181.100000,-96.100000,180.000000,top
"C41","4.7 uF","C_0603_1608Metric",166.125000,-91.400000,0.000000,top
"C42","0.1uF","C_0603_1608Metric",177.300000,-95.700000,180.000000,top
"C43","0.1uF","C_0603_1608Metric",175.600000,-97.800000,180.000000,top
"C44","0.1uF","C_0603_1608Metric",172.425000,-98.000000,180.000000,top
"C45","0.1uF","C_0603_1608Metric",183.200000,-93.900000,180.000000,top
"C46","4.7 uF","C_0603_1608Metric",183.200000,-92.300000,180.000000,top
"C47","47 uF","CP_EIA-7343-15_Kemet-W",165.680000,-99.350000,-90.000000,top
"C48","1 nF","C_0603_1608Metric",214.955000,-119.720000,0.000000,top
"C49","2.2 uF","C_0603_1608Metric",214.850000,-110.510000,-90.000000,top
"C50","0.1uF","C_0603_1608Metric",209.275000,-103.890000,0.000000,top
"C51","1 nF","C_0603_1608Metric",191.800000,-98.000000,90.000000,top
"C52","2.2 uF","C_0603_1608Metric",185.525000,-103.000000,0.000000,top
"C53","0.1uF","C_0603_1608Metric",181.900500,-103.349500,0.000000,top
"C54","22 uf","C_0805_2012Metric",208.350000,-124.000000,0.000000,top
"C55","22 uf","C_0805_2012Metric",208.300000,-126.100000,0.000000,top
"C56","22 uf","C_0805_2012Metric",208.350000,-128.200000,0.000000,top
"C57","22 uf","C_0805_2012Metric",208.350000,-130.300000,0.000000,top
"C58","22 uf","C_0805_2012Metric",203.600000,-130.100000,0.000000,top
"C59","22 uf","C_0805_2012Metric",220.900000,-110.600000,-103.000000,top
"C60","22 uf","C_0805_2012Metric",222.900000,-111.000000,-103.000000,top
"C61","22 uf","C_0805_2012Metric",224.900000,-111.500000,-103.000000,top
"C62","22 uf","C_0805_2012Metric",226.886296,-111.925652,-103.000000,top
"C63","22 uf","C_0805_2012Metric",228.900000,-112.400000,-103.000000,top
"C64","2.2 uF","C_0603_1608Metric",181.325000,-124.900000,180.000000,top
"C65","0.1 uF","C_0603_1608Metric",169.750000,-108.640000,90.000000,top
"D1","ESD9B3.3ST5G","D_SOD-923",176.825000,-61.450000,0.000000,top
"D2","ESD9B3.3ST5G","D_SOD-923",178.150000,-58.602500,90.000000,top
"D3","ESD9B3.3ST5G","D_SOD-923",166.610000,-66.960000,0.000000,top
"D4","D_Schottky_3.3v","D_SOD-123",163.152500,-68.920000,0.000000,top
"D5","D_Schottky_3.3v","D_SOD-123",166.740000,-81.667500,90.000000,top
"D6","D_Schottky_3.3v","D_SOD-123",207.940000,-69.860000,-165.000000,top
"D7","D_Schottky_3.3v","D_SOD-123",160.530000,-97.532500,-90.000000,top
"D8","D_Schottky_3.3v","D_SOD-123",209.900000,-105.960000,180.000000,top
"D9","D_Schottky_3.3v","D_SOD-123",177.625500,-102.849500,0.000000,top
"D10","D_Schottky_3.3v","D_SOD-123",169.350000,-112.590000,90.000000,top
"IC1","DRV8302DCAR","SOP50P810X120-57N",175.250000,-85.912000,-90.000000,top
"J1","2060-452_998-404","2060452998404",226.730449,-47.550945,-120.000000,top
"J2","2060-452_998-404","2060452998404",226.062500,-123.767163,120.000000,top
"J3","105313-1202","1053131202",216.630282,-126.593219,30.000000,top
"J4","105313-1202","1053131202",214.544937,-44.408062,150.000000,top
"J5","USB4215-03-A_REVA","GCT_USB4215-03-A_REVA",169.873158,-57.829313,-130.000000,top
"J6","2059-302_998-403","2059302998403",224.935340,-62.761523,-165.000000,top
"J7","200528-0090","200528-0090",186.100000,-45.950000,-155.000000,top
"J8","200528-0090","200528-0090",229.575000,-85.825000,90.000000,top
"J9","2060-453_998-404","2060453998404",194.100000,-121.175000,90.000000,top
"L1","22 uH","NRS5040T220MMGK",161.160000,-91.670000,0.000000,top
"Q1","RFD16N05LSM9A","TO-252-2",208.335000,-111.205000,0.000000,top
"Q2","RFD16N05LSM9A","TO-252-2",206.675000,-118.435000,180.000000,top
"Q3","RFD16N05LSM9A","TO-252-2",190.575000,-105.835000,90.000000,top
"Q4","RFD16N05LSM9A","TO-252-2",197.847500,-107.550000,-90.000000,top
"Q5","RFD16N05LSM9A","TO-252-2",180.220000,-119.780000,180.000000,top
"Q6","RFD16N05LSM9A","TO-252-2",181.815000,-112.545000,0.000000,top
"R1","5.1 k","R_0603_1608Metric",166.350000,-62.790000,140.000000,top
"R2","10 k","R_0603_1608Metric",206.950000,-52.480000,-30.000000,top
"R3","10 k","R_0603_1608Metric",208.310000,-43.830000,150.000000,top
"R4","10 thick film","R_0603_1608Metric",211.047500,-47.284471,60.000000,top
"R5","10 thick film","R_0603_1608Metric",215.607500,-49.844470,60.000000,top
"R6","5.1 k","R_0603_1608Metric",168.680000,-64.770000,-40.000000,top
"R7","10 k","R_0603_1608Metric",196.765529,-42.932500,30.000000,top
"R8","10 k","R_0603_1608Metric",197.050000,-72.830000,0.000000,top
"R9","3.3 k","R_0603_1608Metric",219.710000,-105.720000,-105.000000,top
"R10","69.8 k","R_0603_1608Metric",201.560000,-71.100000,-75.000000,top
"R11","4.99 k","R_0603_1608Metric",203.040000,-70.670000,105.000000,top
"R12","240","R_0603_1608Metric",219.180000,-59.250000,-165.000000,top
"R13","1350","R_0603_1608Metric",239.566889,-62.166474,15.000000,top
"R14","422","R_0603_1608Metric",239.000000,-60.570000,15.000000,top
"R15","655 (657)","R_0603_1608Metric",237.836889,-59.076474,15.000000,top
"R16","1 k","R_0603_1608Metric",237.026889,-57.526474,15.000000,top
"R17","10 k","R_0603_1608Metric",222.875000,-96.425000,30.000000,top
"R18","10 k","R_0603_1608Metric",180.200000,-73.400000,90.000000,top
"R19","10 k","R_0603_1608Metric",181.700000,-73.400000,90.000000,top
"R20","10 k","R_0603_1608Metric",183.200000,-73.400000,90.000000,top
"R21","31.6 k","R_0603_1608Metric",184.700000,-73.400000,90.000000,top
"R22","10 k","R_0603_1608Metric",186.200000,-73.400000,-90.000000,top
"R23","56","R_0603_1608Metric",170.000000,-73.916505,-90.000000,top
"R24","56","R_0603_1608Metric",168.400000,-73.916505,90.000000,top
"R25","16.2 k","R_0603_1608Metric",183.925000,-77.000000,180.000000,top
"R26","1","R_0603_1608Metric",179.700000,-76.700000,-90.000000,top
"R27","205 k","R_0603_1608Metric",183.300000,-80.200000,0.000000,top
"R28","1 M","R_0603_1608Metric",179.100000,-93.300000,-90.000000,top
"R29","10","R_0603_1608Metric",203.190000,-105.560000,-90.000000,top
"R30","10","R_0603_1608Metric",214.910000,-121.480000,180.000000,top
"R31","10 m","R_0612_1632Metric",214.930000,-116.920000,0.000000,top
"R32","69.8 k","R_0603_1608Metric",205.955000,-106.320000,180.000000,top
"R33","4.99 k","R_0603_1608Metric",205.935000,-104.630000,180.000000,top
"R34","10","R_0603_1608Metric",185.300000,-105.600000,-90.000000,top
"R35","10","R_0603_1608Metric",198.300000,-100.200000,0.000000,top
"R36","10 m","R_0612_1632Metric",189.000000,-98.050000,90.000000,top
"R37","69.8 k","R_0603_1608Metric",181.425500,-105.349500,0.000000,top
"R38","4.99 k","R_0603_1608Metric",177.825500,-105.349500,180.000000,top
"R39","10","R_0603_1608Metric",184.895000,-124.350000,0.000000,top
"R40","10","R_0603_1608Metric",174.380000,-109.430000,-90.000000,top
"R41","69.8 k","R_0603_1608Metric",171.350000,-111.765000,-90.000000,top
"R42","4.99 k","R_0603_1608Metric",171.300000,-108.635000,90.000000,top
"R43","10 k","R_0603_1608Metric",183.600000,-69.100000,180.000000,top
"R44","10 k","R_0603_1608Metric",179.020000,-69.320000,-145.000000,top
"REF**","hole_0_5mm","hole_0_5mm",212.000000,-70.975000,0.000000,top
"REF**","hole_1_7mm","hole_1_7mm",223.600000,-77.200000,0.000000,top
"SW1","SW_Push","SKRKAGE020",190.190000,-76.290000,90.000000,top
"SW2","SW_Push","SKRKAGE020",203.560000,-41.120000,180.000000,top
"U1","~","SN65HVD75DGKR",207.720000,-49.830000,-30.000000,top
"U2","~","SOT-23",213.168526,-48.956899,-120.000000,top
"U3","ESP32-S3-WROOM-1U-N8R2","XCVR_ESP32-S3-WROOM-1U-N8R2",196.370007,-59.471603,-65.000000,top
"U4","AMS1117-3.3","SOT-223-3_TabPin2",161.920000,-78.510000,-90.000000,top
"U5","LM317_SOT-223","SOT-223-3_TabPin2",212.883091,-57.702617,105.000000,top
"U6","74HC4052","TSSOP16_5P1X4P5_NEX",215.131210,-66.295135,15.000000,top
"U7","AS5047P-ATSM","SOP65P640X120-14N",217.679392,-85.775000,-90.000000,top
